fiscalyear,school,traveler_type,trips,emissions,total_distance_miles,total_distance_km,median_distance_miles,median_distance_km
FY17-18,All Children's Hospital,Medical Providers,4,0.350653438,2448,3938,612,984.5
FY17-18,All Children's Hospital,Unavailable,4,0.350653438,2448,3938,612,984.5
FY17-18,BIOETHICS INSTITUTE,Faculty,11,3.4687138,22863,36787,1217,1958
FY17-18,BOLOGNA CENTER,Administrative & Staff,41,10.83330665,68419,110088,724,1165
FY17-18,BOLOGNA CENTER,Deans/Executive,4,1.47694608,8996,14476,2237.5,3600.5
FY17-18,BOLOGNA CENTER,Faculty,39,14.17315697,88277,142051,880,1416
FY17-18,Bloomberg School of Public Health,Administrative & Staff,409,121.7643748,761651,1225528,863,1388
FY17-18,Bloomberg School of Public Health,Deans/Executive,19,3.669296495,24378,39219,666,1071
FY17-18,Bloomberg School of Public Health,Faculty,268,90.04646614,571677,919875,931.5,1498.5
FY17-18,Bloomberg School of Public Health,Students,23,11.42698045,70717,113794,3807,6126
FY17-18,CENTER FOR TALENTED YOUTH,Administrative & Staff,261,77.11245178,499702,804044,1207,1942
FY17-18,CENTER FOR TALENTED YOUTH,Deans/Executive,9,2.41523343,15482,24913,944,1519
FY17-18,CENTER FOR TALENTED YOUTH,Non-Employees & Affiliates,79,24.90445665,163903,263726,1239,1993
FY17-18,CGEPI,Administrative & Staff,35,10.03158145,65223,104951,1215,1955
FY17-18,CGEPI,Deans/Executive,23,6.536449979,42976,69147,1395,2245
FY17-18,Carey Business School,Administrative & Staff,29,15.49840843,97037,156151,2076,3340
FY17-18,Carey Business School,Deans/Executive,35,17.77318239,111188,178918,2416,3888
FY17-18,Carey Business School,Faculty,61,15.95673045,103319,166241,1082,1741
FY17-18,Carey Business School,Students,5,1.089725661,7029,11308,679,1092
FY17-18,EMRS PROJECT,Unavailable,173,10.29571413,76085,122326,408,656
FY17-18,HUMAN LANGUAGE TECHNOLOGY COE,Faculty,28,9.631528062,61372,98754,1141,1835.5
FY17-18,Homewood Student Affairs,Administrative & Staff,437,65.01087435,449631,723381,627,1009
FY17-18,Homewood Student Affairs,Deans/Executive,79,8.164148593,59755,96119,576,926
FY17-18,Homewood Student Affairs,Faculty,158,14.99244583,110925,178419,576,926
FY17-18,Homewood Student Affairs,Students,6,0.229185294,1352,2172,208.5,335
FY17-18,Howard County General Hospital,Unavailable,24,4.047236177,29280,47108,1093,1758.5
FY17-18,INSTITUTION WIDE FUNDS,Administrative & Staff,16,3.441509904,25226,40590,1488,2394
FY17-18,INSTITUTION WIDE FUNDS,Deans/Executive,5,0.678423048,5060,8140,935,1504
FY17-18,JH Bayview Medical Center,Medical Providers,14,5.221301577,33005,53108,1425.5,2293.5
FY17-18,JH Bayview Medical Center,Unavailable,25,8.538110492,54456,87621,718,1155
FY17-18,JH Community Physicians,Medical Providers,24,11.86062328,75012,120706,2165,3484
FY17-18,JH Community Physicians,Unavailable,14,4.338749114,27240,43828,344,553
FY17-18,JH HEALTH SYSTEM CORPORATION,Administrative & Staff,27,6.52994683,45054,72496,1996,3212
FY17-18,JH HEALTH SYSTEM CORPORATION,Non-Employees & Affiliates,4,0.48294345,3712,5972,928,1493
FY17-18,JH HEALTH SYSTEM CORPORATION,Unavailable,736,246.27806,1574814,2533978,922,1483
FY17-18,JH TECHNOLOGY VENTURES,Administrative & Staff,14,1.65410465,12034,19362,369,593
FY17-18,JH TECHNOLOGY VENTURES,Deans/Executive,2,0.158465819,1218,1960,609,980
FY17-18,JHBMC GRANT COMPANY,Medical Providers,2,0.096016235,738,1186,369,593
FY17-18,JHBMC GRANT COMPANY,Unavailable,6,0.288048706,2214,3558,369,593
FY17-18,JHHCG CORP (GROUP),Unavailable,17,8.68735064,54640,87923,1996,3212
FY17-18,JHHCG HOME HEALTH SERVICES,Medical Providers,4,2.659616997,16328,26274,4082,6568.5
FY17-18,JHHCG PEDIATRICS AT HOME,Unavailable,2,0.241471725,1856,2986,928,1493
FY17-18,JHHCG PHARMAQUIP,Medical Providers,2,0.519372374,3992,6424,1996,3212
FY17-18,JHHCG PHARMAQUIP,Unavailable,4,0.615388609,4730,7610,1182.5,1902.5
FY17-18,JHMMC INTRASTAFF DIVISION,Unavailable,6,0.862845086,6632,10670,1215,1955
FY17-18,JHPEIGO,Administrative & Staff,1051,513.6948667,3191762,5136056,2593,4173
FY17-18,JHPEIGO,Faculty,774,381.3136301,2385427,3838571,2780,4473
FY17-18,JHU PRESS BOOK DIVISION,Administrative & Staff,70,8.184290897,59574,95831,445,716
FY17-18,JHU PRESS MUSE,Administrative & Staff,25,3.005098666,20959,33719,609,980
FY17-18,JOHNS HOPKINS IMAGING LLC,Unavailable,14,1.527933155,11744,18890,408,656
FY17-18,Johns Hopkins HealthCare,Unavailable,117,30.79500637,199865,321596,633,1018
FY17-18,Johns Hopkins Hospital,Medical Providers,122,48.28644795,307219,494344,1811,2914
FY17-18,Johns Hopkins Hospital,Non-Employees & Affiliates,5,0.258905567,1990,3200,408,656
FY17-18,Johns Hopkins Hospital,Unavailable,161,51.88283045,337270,542687,1023,1646
FY17-18,Johns Hopkins International,Trustee,13,5.049805296,32423,52172,1158,1863
FY17-18,Johns Hopkins International,Unavailable,450,189.8788457,1198942,1929251,1765,2840
FY17-18,Krieger School of Arts and Sciences,Administrative & Staff,230,52.55579021,345800,556390,922,1483
FY17-18,Krieger School of Arts and Sciences,Deans/Executive,98,22.3101847,149694,240848,1056,1699
FY17-18,Krieger School of Arts and Sciences,Faculty,609,180.8935411,1162088,1869861,1207,1942
FY17-18,Krieger School of Arts and Sciences,Non-Employees & Affiliates,35,7.481797467,49266,79266,736,1184
FY17-18,Krieger School of Arts and Sciences,Postdocs,28,8.594471155,55951,90031,1675,2695
FY17-18,Krieger School of Arts and Sciences,Students,78,24.40010419,156805,252313,1364.5,2195.5
FY17-18,NANJING CENTER,Administrative & Staff,80,16.91746038,112973,181775,697.5,1122
FY17-18,NANJING CENTER,Faculty,10,4.965165919,31254,50293,1090,1754
FY17-18,NITZE SCH ADV INT STUDIES-SAIS,Administrative & Staff,181,53.26149731,337937,543774,761,1224
FY17-18,NITZE SCH ADV INT STUDIES-SAIS,Deans/Executive,66,24.69584885,155326,249938,1239,1993
FY17-18,NITZE SCH ADV INT STUDIES-SAIS,Faculty,510,178.9374257,1119287,1801085,945,1520
FY17-18,NITZE SCH ADV INT STUDIES-SAIS,Postdocs,2,2.276374796,13847,22283,6923.5,11141.5
FY17-18,NITZE SCH ADV INT STUDIES-SAIS,Students,38,17.20302338,108110,173968,2066.5,3325
FY17-18,PEABODY INSTITUTE,Administrative & Staff,105,13.65533698,97134,156264,724,1165
FY17-18,PEABODY INSTITUTE,Deans/Executive,39,14.44484038,92446,148763,1996,3212
FY17-18,PEABODY INSTITUTE,Faculty,117,11.36742935,79160,127322,374,601
FY17-18,PEDIATRIC PHYSICIANS SERVICES,Medical Providers,4,0.350653438,2448,3938,612,984.5
FY17-18,School of Education,Administrative & Staff,98,8.751001935,63638,102358,408,656
FY17-18,School of Education,Deans/Executive,6,5.381816707,32638,52524,8068,12984
FY17-18,School of Education,Faculty,104,18.84183912,130584,210102,789,1269
FY17-18,School of Education,Postdocs,2,1.163586394,7078,11390,3539,5695
FY17-18,School of Medicine (SOM),Administrative & Staff,1095,280.5998756,1831257,2946509,902,1451
FY17-18,School of Medicine (SOM),Deans/Executive,25,4.468385637,30999,49873,922,1483
FY17-18,School of Medicine (SOM),Faculty,2361,715.8846011,4619711,7433439,1058,1702
FY17-18,School of Medicine (SOM),Guests,11,5.851407556,35758,57544,2416,3888
FY17-18,School of Medicine (SOM),Medical Providers,27,5.831059272,38654,62193,664,1068
FY17-18,School of Medicine (SOM),Non-Employees & Affiliates,121,36.88313396,236386,380357,788,1268
FY17-18,School of Medicine (SOM),Postdocs,45,9.35152414,61119,98340,844,1358
FY17-18,School of Medicine (SOM),Students,31,7.099162973,49012,78861,1862,2996
FY17-18,School of Medicine (SOM),Unavailable,4,0.333064448,2560,4116,640,1029
FY17-18,School of Nursing (SON),Administrative & Staff,64,18.79135977,121373,195296,705.5,1135
FY17-18,School of Nursing (SON),Deans/Executive,6,1.086882968,8354,13442,1246,2005
FY17-18,School of Nursing (SON),Faculty,216,73.51555709,466477,750599,1215,1955
FY17-18,School of Nursing (SON),Students,6,1.579325994,10230,16461,2163.5,3481.5
FY17-18,Sheridan Libraries,Administrative & Staff,28,5.753480505,38506,61954,982.5,1580.5
FY17-18,Sheridan Libraries,Deans/Executive,6,0.372155658,2606,4190,473,761
FY17-18,Suburban Hospital,Unavailable,2,0.158986233,1222,1966,611,983
FY17-18,U-WIDE STUDENT AFFAIRS,Administrative & Staff,8,0.927254925,6514,10479,515,828
FY17-18,U-WIDE STUDENT AFFAIRS,Deans/Executive,18,2.413417057,16734,26919,683,1099
FY17-18,Unavailable,Unavailable,17393,5727.981159,36372928,58526858,962,1548
FY17-18,University Administration,Administrative & Staff,1042,218.2622421,1463324,2354424,844,1358
FY17-18,University Administration,Deans/Executive,213,46.28037583,306702,493474,886,1425
FY17-18,University Administration,Faculty,42,16.37968123,102864,165520,719,1157
FY17-18,Whiting School of Engineering,Administrative & Staff,147,22.50435808,154829,249097,664,1068
FY17-18,Whiting School of Engineering,Deans/Executive,78,18.55463834,123360,198485,1239,1993
FY17-18,Whiting School of Engineering,Faculty,392,98.72907135,643667,1035671,736,1184
FY17-18,Whiting School of Engineering,Postdocs,13,6.13595448,39790,64030,1862,2996
FY17-18,Whiting School of Engineering,Students,54,18.89705209,118658,190938,2352.5,3785.5
FY18-19,All Children's Hospital,Unavailable,30,2.416440827,18403,29597,576,926
FY18-19,BIOETHICS INSTITUTE,Faculty,4,0.698134308,5366,8632,1341.5,2158
FY18-19,BOLOGNA CENTER,Administrative & Staff,4,0.174218104,1104,1776,276,444
FY18-19,BOLOGNA CENTER,Faculty,4,1.429483705,8952,14404,2238,3601
FY18-19,Bloomberg School of Public Health,Administrative & Staff,452,110.0733323,709751,1142009,922,1483.5
FY18-19,Bloomberg School of Public Health,Deans/Executive,28,14.14379356,87965,141554,2386.5,3840.5
FY18-19,Bloomberg School of Public Health,Faculty,262,90.36132207,578293,930520,1363,2193
FY18-19,Bloomberg School of Public Health,Students,4,1.389573435,9330,15014,2332.5,3753.5
FY18-19,CENTER FOR TALENTED YOUTH,Administrative & Staff,344,96.39723376,626796,1008542,999,1607
FY18-19,CENTER FOR TALENTED YOUTH,Deans/Executive,27,11.34467666,70538,113508,3529,5679
FY18-19,CENTER FOR TALENTED YOUTH,Non-Employees & Affiliates,115,37.13187591,240382,386790,1239,1993
FY18-19,CGEPI,Administrative & Staff,8,1.718648518,11309,18197,1282.5,2063.5
FY18-19,CGEPI,Deans/Executive,8,2.951433298,18329,29494,1421.5,2287.5
FY18-19,Carey Business School,Administrative & Staff,62,20.35231202,131773,212041,1976,3180
FY18-19,Carey Business School,Deans/Executive,14,12.71478702,77343,124466,6867,11050.5
FY18-19,Carey Business School,Faculty,56,14.46044084,93050,149719,620,997
FY18-19,EMRS PROJECT,Unavailable,186,10.94527322,81466,130972,408,656
FY18-19,HUMAN LANGUAGE TECHNOLOGY COE,Faculty,6,1.39143505,8723,14034,500,804
FY18-19,Homewood Student Affairs,Administrative & Staff,734,108.2258743,758696,1220625,729.5,1173.5
FY18-19,Homewood Student Affairs,Deans/Executive,170,30.19809464,209578,337197,789,1269
FY18-19,Homewood Student Affairs,Faculty,206,18.17690847,132871,213711,471,757.5
FY18-19,Homewood Student Affairs,Students,7,1.840107732,11625,18705,736,1184
FY18-19,Howard County General Hospital,Unavailable,4,0.24641565,1894,3046,473.5,761.5
FY18-19,INSTITUTION WIDE FUNDS,Administrative & Staff,6,0.665608483,5116,8230,576,926
FY18-19,INSTITUTION WIDE FUNDS,Deans/Executive,6,1.843620617,11701,18827,1488,2394
FY18-19,JH Bayview Medical Center,Medical Providers,20,0.953769938,7200,11572,359,577
FY18-19,JH Bayview Medical Center,Unavailable,51,9.463245205,63917,102832,408,656
FY18-19,JH Community Physicians,Medical Providers,10,2.827570739,18572,29884,2165,3484
FY18-19,JH Community Physicians,Unavailable,2,0.205303007,1578,2538,789,1269
FY18-19,JH HEALTH SYSTEM CORPORATION,Administrative & Staff,19,3.835393203,26715,42983,1488,2394
FY18-19,JH HEALTH SYSTEM CORPORATION,Medical Providers,4,1.785797333,11682,18798,2918,4695.5
FY18-19,JH HEALTH SYSTEM CORPORATION,Unavailable,461,96.42531744,647230,1041352,844,1358
FY18-19,JH TECHNOLOGY VENTURES,Administrative & Staff,22,2.755047187,20882,33599,928,1493
FY18-19,JH TECHNOLOGY VENTURES,Deans/Executive,8,0.804947896,5878,9458,468,753
FY18-19,JHBMC GRANT COMPANY,Unavailable,18,3.248649418,23741,38198,1239,1993.5
FY18-19,JHHCG CORP (GROUP),Unavailable,4,3.062077787,19103,30741,4781.5,7694.5
FY18-19,JHHCG HOME HEALTH SERVICES,Medical Providers,4,3.062077787,19103,30741,4781.5,7694.5
FY18-19,JHHCG PHARMAQUIP,Medical Providers,2,0.205303007,1578,2538,789,1269
FY18-19,JHHCG PHARMAQUIP,Unavailable,2,0.205303007,1578,2538,789,1269
FY18-19,JHMMC INTRASTAFF DIVISION,Unavailable,4,0.774374842,5952,9576,1488,2394
FY18-19,JHPEIGO,Administrative & Staff,1053,540.8483279,3380330,5439535,2891,4652
FY18-19,JHPEIGO,Faculty,923,426.148826,2649409,4263341,2433,3915
FY18-19,JHU PRESS BOOK DIVISION,Administrative & Staff,34,3.798908962,27880,44847,408,656
FY18-19,JHU PRESS MUSE,Administrative & Staff,23,1.675298732,12455,20032,473,761
FY18-19,JOHNS HOPKINS IMAGING LLC,Unavailable,8,2.00990723,13253,21324,1029.5,1656.5
FY18-19,Johns Hopkins HealthCare,Unavailable,206,28.74825596,203630,327627,581,934.5
FY18-19,Johns Hopkins Hospital,Administrative & Staff,2,0.173427699,1333,2145,666.5,1072.5
FY18-19,Johns Hopkins Hospital,Medical Providers,75,23.35205795,150255,241768,935,1504
FY18-19,Johns Hopkins Hospital,Non-Employees & Affiliates,2,0.186828339,1436,2310,718,1155
FY18-19,Johns Hopkins Hospital,Unavailable,123,30.09231273,197071,317075,812,1306
FY18-19,Johns Hopkins International,Trustee,2,0.330592485,2541,4088,1270.5,2044
FY18-19,Johns Hopkins International,Unavailable,135,55.55980905,349445,562294,1199,1929
FY18-19,Krieger School of Arts and Sciences,Administrative & Staff,235,53.39182379,345627,556100,732,1178
FY18-19,Krieger School of Arts and Sciences,Deans/Executive,81,20.4610129,135257,217634,1215,1955
FY18-19,Krieger School of Arts and Sciences,Faculty,626,175.4179626,1135087,1826411,1031,1659
FY18-19,Krieger School of Arts and Sciences,Non-Employees & Affiliates,17,3.572011517,23750,38213,736,1184
FY18-19,Krieger School of Arts and Sciences,Postdocs,67,19.42698903,125772,202372,966,1554
FY18-19,Krieger School of Arts and Sciences,Students,84,27.41097343,172835,278106,1123,1807
FY18-19,Krieger School of Arts and Sciences,Unavailable,3,1.876308771,11670,18779,3671,5907
FY18-19,NANJING CENTER,Administrative & Staff,16,2.696469562,18134,29176,509.5,819.5
FY18-19,NANJING CENTER,Faculty,29,12.77701521,80901,130183,1362,2191
FY18-19,NITZE SCH ADV INT STUDIES-SAIS,Administrative & Staff,197,59.88951803,383394,616925,789,1269
FY18-19,NITZE SCH ADV INT STUDIES-SAIS,Deans/Executive,40,16.03648244,99347,159864,636.5,1023.5
FY18-19,NITZE SCH ADV INT STUDIES-SAIS,Faculty,569,179.4736367,1142363,1838173,766,1232
FY18-19,NITZE SCH ADV INT STUDIES-SAIS,Students,72,28.48754952,180408,290307,1627,2618
FY18-19,NITZE SCH ADV INT STUDIES-SAIS,Unavailable,6,0.290650772,2234,3592,359,577
FY18-19,PEABODY INSTITUTE,Administrative & Staff,112,13.96646753,96282,154881,576,926
FY18-19,PEABODY INSTITUTE,Deans/Executive,47,27.09793019,166438,267835,2416,3888
FY18-19,PEABODY INSTITUTE,Faculty,63,11.45409146,78610,126474,620,997
FY18-19,School of Education,Administrative & Staff,200,16.73355909,122830,197557,491.5,790.5
FY18-19,School of Education,Deans/Executive,20,4.112877756,27934,44946,1512.5,2433.5
FY18-19,School of Education,Faculty,113,23.44985888,152998,246162,695,1118
FY18-19,School of Education,Postdocs,17,2.598035695,16876,27150,408,656
FY18-19,School of Education,Students,2,0.766408558,4662,7502,2331,3751
FY18-19,School of Medicine (SOM),Administrative & Staff,863,185.5188311,1231527,1981434,775,1247
FY18-19,School of Medicine (SOM),Deans/Executive,15,2.165829635,16647,26782,935,1504
FY18-19,School of Medicine (SOM),Faculty,2045,638.8998111,4120337,6629941,1182,1902
FY18-19,School of Medicine (SOM),Medical Providers,78,14.64119448,99274,159729,620,997
FY18-19,School of Medicine (SOM),Non-Employees & Affiliates,100,30.93399322,197476,317752,974,1567
FY18-19,School of Medicine (SOM),Postdocs,60,9.217715997,66965,107737,795,1279
FY18-19,School of Medicine (SOM),Students,59,12.0205614,77618,124876,609,980
FY18-19,School of Medicine (SOM),Unavailable,8,0.694491415,5338,8584,630,1013
FY18-19,School of Nursing (SON),Administrative & Staff,73,15.25466861,103180,166010,789,1269
FY18-19,School of Nursing (SON),Faculty,242,86.28768056,553708,890971,1215,1955
FY18-19,Sheridan Libraries,Administrative & Staff,17,3.247124499,22118,35585,1020,1641
FY18-19,Sheridan Libraries,Deans/Executive,2,1.072511675,6524,10498,3262,5249
FY18-19,Sibley Memorial Hospital,Medical Providers,37,4.523108229,34485,55477,761,1224
FY18-19,Sibley Memorial Hospital,Unavailable,21,2.349395667,17921,28828,599,963
FY18-19,Suburban Hospital,Unavailable,6,0.838255562,6443,10367,834,1342
FY18-19,U-WIDE STUDENT AFFAIRS,Administrative & Staff,27,4.186177268,29655,47711,928,1493
FY18-19,U-WIDE STUDENT AFFAIRS,Deans/Executive,16,2.38284194,18315,29466,848.5,1365
FY18-19,Unavailable,Unavailable,12046,3481.71262,22431527,36093496,949,1527
FY18-19,University Administration,Administrative & Staff,1412,274.3681119,1855828,2985910,789,1269
FY18-19,University Administration,Deans/Executive,263,71.16610258,456389,734346,944,1519
FY18-19,Whiting School of Engineering,Administrative & Staff,195,38.76439774,261095,420088,928,1493
FY18-19,Whiting School of Engineering,Deans/Executive,64,12.3932971,83991,135136,1207,1942
FY18-19,Whiting School of Engineering,Faculty,444,150.1879486,957831,1541241,1549,2492
FY18-19,Whiting School of Engineering,Postdocs,39,15.29919777,93991,151245,2331,3751
FY18-19,Whiting School of Engineering,Students,60,21.53826028,134182,215913,2294,3691
FY19-20,555 PENN,Administrative & Staff,2,0.536546009,4124,6636,2062,3318
FY19-20,All Children's Hospital,Unavailable,32,3.089953375,23750,38213,844,1358
FY19-20,BIOETHICS INSTITUTE,Faculty,16,3.326234404,22816,36710,593.5,954.5
FY19-20,BOLOGNA CENTER,Administrative & Staff,4,1.646037281,10180,16381,2237.5,3600.5
FY19-20,BOLOGNA CENTER,Deans/Executive,8,2.920777757,17946,28878,2237.5,3600.5
FY19-20,BOLOGNA CENTER,Faculty,22,7.356490291,47193,75940,1350,2172.5
FY19-20,Bloomberg School of Public Health,Administrative & Staff,273,85.40875626,533813,858954,999,1607
FY19-20,Bloomberg School of Public Health,Deans/Executive,10,5.577781061,35192,56630,1356,2182
FY19-20,Bloomberg School of Public Health,Faculty,238,72.92290225,462483,744169,942,1515.5
FY19-20,Bloomberg School of Public Health,Postdocs,6,0.689320364,5148,8282,588,946
FY19-20,Bloomberg School of Public Health,Students,19,7.231190646,47387,76251,1488,2394
FY19-20,CENTER FOR TALENTED YOUTH,Administrative & Staff,241,75.22296403,483515,778018,1377,2216
FY19-20,CENTER FOR TALENTED YOUTH,Deans/Executive,66,32.08973012,201094,323593,2326,3743
FY19-20,CENTER FOR TALENTED YOUTH,Faculty,2,0.158465819,1218,1960,609,980
FY19-20,CENTER FOR TALENTED YOUTH,Non-Employees & Affiliates,81,20.03825619,132581,213311,1239,1993
FY19-20,CGEPI,Administrative & Staff,40,4.108299364,29994,48252,592.5,953
FY19-20,CGEPI,Deans/Executive,5,1.995718124,12310,19808,3628,5838
FY19-20,Carey Business School,Administrative & Staff,52,12.51362839,81922,131821,990,1593
FY19-20,Carey Business School,Deans/Executive,4,0.479300557,3684,5928,921,1482
FY19-20,Carey Business School,Faculty,30,3.686194847,27813,44743,620,997
FY19-20,EMRS PROJECT,Unavailable,245,15.05399944,112975,181636,408,656
FY19-20,HUMAN LANGUAGE TECHNOLOGY COE,Faculty,2,0.76476461,4652,7486,2326,3743
FY19-20,Homewood Student Affairs,Administrative & Staff,706,107.1344542,733044,1179334,620,997
FY19-20,Homewood Student Affairs,Deans/Executive,95,11.70211719,83286,133990,609,980
FY19-20,Homewood Student Affairs,Faculty,227,22.93147373,165165,265693,586,943
FY19-20,Homewood Student Affairs,Students,8,2.67087012,16905,27201,1545.5,2486.5
FY19-20,Howard County General Hospital,Unavailable,24,4.061826088,29128,46863,982.5,1580.5
FY19-20,INSTITUTION WIDE FUNDS,Administrative & Staff,6,0.672373854,5168,8313,492,791
FY19-20,INSTITUTION WIDE FUNDS,Deans/Executive,2,0.149879002,1152,1852,576,926
FY19-20,INSTITUTION WIDE FUNDS,Students,6,1.257007096,8368,13464,903.5,1453.5
FY19-20,JH Bayview Medical Center,Medical Providers,6,0.734042819,5642,9076,408,656
FY19-20,JH Bayview Medical Center,Unavailable,40,7.853890776,55979,90071,1341,2158
FY19-20,JH Community Physicians,Medical Providers,24,4.380125921,30044,48338,789,1269
FY19-20,JH Community Physicians,Unavailable,6,0.571153487,4390,7061,789,1269
FY19-20,JH HEALTH SYSTEM CORPORATION,Administrative & Staff,17,4.276141429,28450,45777,1178,1895
FY19-20,JH HEALTH SYSTEM CORPORATION,Unavailable,532,71.5697612,523863,842815,844,1358
FY19-20,JH TECHNOLOGY VENTURES,Administrative & Staff,8,1.017787577,7480,12036,1105.5,1779
FY19-20,JH TECHNOLOGY VENTURES,Deans/Executive,2,0.118253361,566,910,283,455
FY19-20,JHBMC GRANT COMPANY,Unavailable,8,1.025474211,7882,12680,999,1607
FY19-20,JHHCG PHARMAQUIP,Unavailable,10,2.030652306,15608,25112,2103,3384
FY19-20,JHMMC INTRASTAFF DIVISION,Unavailable,4,1.09442896,8412,13536,2103,3384
FY19-20,JHPEIGO,Administrative & Staff,643,332.7931401,2054678,3306347,3260,5246
FY19-20,JHPEIGO,Faculty,460,225.4554025,1404926,2260765,2449,3941
FY19-20,JHU PRESS BOOK DIVISION,Administrative & Staff,18,2.668339845,19822,31894,865,1392
FY19-20,JHU PRESS MUSE,Administrative & Staff,18,4.625834418,30346,48827,736.5,1184.5
FY19-20,JHU Press,Deans/Executive,2,0.596393527,4584,7376,2292,3688
FY19-20,JOHNS HOPKINS AT ALL CHILDRENS,Faculty,3,0.275493158,1777,2859,281,452
FY19-20,JOHNS HOPKINS IMAGING LLC,Unavailable,14,0.761477261,5722,9200,408,656
FY19-20,Johns Hopkins HealthCare,Unavailable,204,17.30181994,130459,209864,494,795
FY19-20,Johns Hopkins Hospital,Administrative & Staff,13,2.482501067,19081,30701,1488,2394
FY19-20,Johns Hopkins Hospital,Medical Providers,50,18.41012703,113745,183030,2416,3888
FY19-20,Johns Hopkins Hospital,Unavailable,263,46.1651375,320422,515517,789,1269
FY19-20,Johns Hopkins International,Unavailable,39,24.77372964,154043,247892,1844,2967
FY19-20,Krieger School of Arts and Sciences,Administrative & Staff,339,84.64370632,550753,886167,928,1493
FY19-20,Krieger School of Arts and Sciences,Deans/Executive,53,16.01656871,101842,163869,1570,2526
FY19-20,Krieger School of Arts and Sciences,Faculty,394,111.9116472,715567,1151378,969,1559
FY19-20,Krieger School of Arts and Sciences,Postdocs,56,22.36990931,140557,226174,2207.5,3552
FY19-20,Krieger School of Arts and Sciences,Students,86,24.18759212,156868,252412,1393,2241
FY19-20,Krieger School of Arts and Sciences,Unavailable,1,0.160027059,1230,1979,1230,1979
FY19-20,NANJING CENTER,Administrative & Staff,32,13.05932162,82976,133521,1322.5,2128
FY19-20,NANJING CENTER,Faculty,24,7.090038851,45803,73701,1362,2191
FY19-20,NITZE SCH ADV INT STUDIES-SAIS,Administrative & Staff,140,44.61843645,286122,460402,781,1256
FY19-20,NITZE SCH ADV INT STUDIES-SAIS,Deans/Executive,39,9.092423096,53800,86558,298,479
FY19-20,NITZE SCH ADV INT STUDIES-SAIS,Faculty,404,130.3279533,825064,1327632,1043.5,1678.5
FY19-20,NITZE SCH ADV INT STUDIES-SAIS,Postdocs,5,4.780530656,29030,46717,6950,11184
FY19-20,NITZE SCH ADV INT STUDIES-SAIS,Students,44,22.89869246,144728,232892,2113.5,3401
FY19-20,PEABODY INSTITUTE,Administrative & Staff,98,11.8482348,84612,136113,615.5,990
FY19-20,PEABODY INSTITUTE,Deans/Executive,43,12.96625807,84333,135701,683,1099
FY19-20,PEABODY INSTITUTE,Faculty,62,8.174740073,56708,91223,576,926
FY19-20,PEDIATRIC PHYSICIANS SERVICES,Medical Providers,28,3.649917978,28054,45142,1113,1791
FY19-20,PEDIATRIC PHYSICIANS SERVICES,Unavailable,4,0.526658158,4048,6512,1012,1628
FY19-20,SMH FOUNDATION,Unavailable,2,0.337227754,2592,4170,1296,2085
FY19-20,School of Education,Administrative & Staff,127,11.84920678,83952,135033,561,902
FY19-20,School of Education,Deans/Executive,6,1.10225257,7246,11658,928,1493
FY19-20,School of Education,Faculty,69,9.110381114,62643,100772,576,926
FY19-20,School of Education,Postdocs,5,0.282974678,2175,3498,487,783
FY19-20,School of Medicine (SOM),Administrative & Staff,669,154.517762,1007862,1621621,804,1293
FY19-20,School of Medicine (SOM),Deans/Executive,14,2.006147172,15084,24270,949,1527
FY19-20,School of Medicine (SOM),Faculty,1477,457.201707,2940825,4732003,999,1607
FY19-20,School of Medicine (SOM),Medical Providers,30,5.116033637,36796,59204,1053.5,1695
FY19-20,School of Medicine (SOM),Non-Employees & Affiliates,29,7.86864087,52311,84172,1488,2394
FY19-20,School of Medicine (SOM),Postdocs,57,15.52593949,104066,167448,1488,2394
FY19-20,School of Medicine (SOM),Students,34,9.664786261,61423,98829,1675,2695
FY19-20,School of Medicine (SOM),Unavailable,14,2.204182735,15868,25531,844,1358
FY19-20,School of Nursing (SON),Administrative & Staff,81,10.4268186,77969,125436,935,1504
FY19-20,School of Nursing (SON),Deans/Executive,10,1.429184751,10985,17673,922,1483
FY19-20,School of Nursing (SON),Faculty,206,68.71107087,440471,708763,1233,1984
FY19-20,Sheridan Libraries,Administrative & Staff,25,3.982421508,27006,43449,567,912
FY19-20,Sheridan Libraries,Deans/Executive,8,0.438813509,2876,4624,321,516
FY19-20,Sibley Memorial Hospital,Medical Providers,28,3.520595298,27060,43530,894,1438
FY19-20,Sibley Memorial Hospital,Unavailable,35,7.768159357,52597,84630,844,1358
FY19-20,Suburban Hospital,Unavailable,18,3.317113737,25496,41024,1215,1955
FY19-20,U-WIDE STUDENT AFFAIRS,Administrative & Staff,63,16.21791414,109303,175875,1215,1955
FY19-20,U-WIDE STUDENT AFFAIRS,Deans/Executive,14,1.36257064,10164,16348,576,926
FY19-20,Unavailable,Unavailable,9462,2941.805307,18764075,30192830,1016,1635
FY19-20,University Administration,Administrative & Staff,977,183.358221,1230874,1980378,669,1076
FY19-20,University Administration,Deans/Executive,167,34.05688748,221295,356058,620,997
FY19-20,WEST COAST NEONATOLOGY,Medical Providers,12,1.531920175,11708,18836,999,1607
FY19-20,Whiting School of Engineering,Administrative & Staff,167,26.95476261,187696,301974,772,1242
FY19-20,Whiting School of Engineering,Deans/Executive,88,15.63974847,107428,172844,950.5,1529
FY19-20,Whiting School of Engineering,Faculty,273,77.33543156,502229,808111,1011,1627
FY19-20,Whiting School of Engineering,Postdocs,40,11.13177265,71034,114303,1441,2318.5
FY19-20,Whiting School of Engineering,Students,52,19.34105047,124614,200517,1353,2177
FY20-21,All Children's Hospital,Unavailable,10,1.260961184,9692,15590,1014,1631
FY20-21,Bloomberg School of Public Health,Administrative & Staff,44,18.91762844,121505,195528,1514,2436
FY20-21,Bloomberg School of Public Health,Faculty,25,3.737690771,28084,45177,576,926
FY20-21,Bloomberg School of Public Health,Postdocs,11,1.420820868,10785,17351,1215,1955
FY20-21,CENTER FOR TALENTED YOUTH,Administrative & Staff,4,0.456402376,3508,5644,877,1411
FY20-21,CONSOLIDATED SERVICE CENTER,Unavailable,4,0.439228741,3376,5432,844,1358
FY20-21,EMRS PROJECT,Unavailable,22,2.40847229,18512,29786,844,1358
FY20-21,HUMAN LANGUAGE TECHNOLOGY COE,Faculty,4,0.948385717,6076,9776,1519,2444
FY20-21,Homewood Student Affairs,Administrative & Staff,76,4.825804237,29829,47971,255,410
FY20-21,Homewood Student Affairs,Deans/Executive,15,2.52567797,17287,27811,576,926
FY20-21,Homewood Student Affairs,Faculty,31,4.539324846,33441,53802,935,1504
FY20-21,JH Bayview Medical Center,Unavailable,12,1.080898216,8308,13362,576,926
FY20-21,JH Community Physicians,Medical Providers,10,1.775482837,11613,18684,529.5,851.5
FY20-21,JH HEALTH SYSTEM CORPORATION,Unavailable,49,5.4390974,41125,66165,844,1358
FY20-21,JH TECHNOLOGY VENTURES,Deans/Executive,4,1.361202339,8550,13758,2137.5,3439.5
FY20-21,JHPEIGO,Administrative & Staff,54,25.59605412,160273,257913,1824,2935
FY20-21,JHPEIGO,Faculty,84,43.11949119,265187,426740,3242,5217
FY20-21,Johns Hopkins HealthCare,Unavailable,34,3.150288348,23620,37995,620,997
FY20-21,Johns Hopkins Hospital,Medical Providers,2,0.387187421,2976,4788,1488,2394
FY20-21,Johns Hopkins Hospital,Unavailable,27,6.433043347,42892,69017,844,1358
FY20-21,Johns Hopkins International,Unavailable,33,21.06381495,130386,209826,999,1607
FY20-21,Krieger School of Arts and Sciences,Administrative & Staff,30,2.036897265,15656,25169,492,791
FY20-21,Krieger School of Arts and Sciences,Faculty,26,5.012646001,34147,54939,664,1068
FY20-21,Krieger School of Arts and Sciences,Students,3,2.146502904,13057,21011,4693,7552
FY20-21,NITZE SCH ADV INT STUDIES-SAIS,Administrative & Staff,1,0.379423198,2308,3714,2308,3714
FY20-21,NITZE SCH ADV INT STUDIES-SAIS,Faculty,7,3.796250853,23323,37531,1272,2047
FY20-21,PEDIATRIC PHYSICIANS SERVICES,Medical Providers,9,0.947508094,6752,10861,928,1493
FY20-21,PEDIATRIC PHYSICIANS SERVICES,Unavailable,8,0.409872106,2576,4144,322,518
FY20-21,School of Education,Faculty,17,1.541333795,11847,19056,620,997
FY20-21,School of Medicine (SOM),Administrative & Staff,28,9.513882424,61372,98756,1361,2190
FY20-21,School of Medicine (SOM),Faculty,147,28.08242922,192224,309281,844,1358
FY20-21,School of Medicine (SOM),Medical Providers,10,1.337722131,10282,16541,1159,1864.5
FY20-21,School of Medicine (SOM),Non-Employees & Affiliates,4,0.380422049,2924,4702,731,1175.5
FY20-21,School of Medicine (SOM),Postdocs,2,0.507637583,3255,5238,1627.5,2619
FY20-21,School of Medicine (SOM),Students,1,0.447811435,2724,4383,2724,4383
FY20-21,School of Nursing (SON),Faculty,30,5.712661226,38052,61216,804.5,1294
FY20-21,Sheridan Libraries,Deans/Executive,2,0.794355674,4832,7776,2416,3888
FY20-21,Sibley Memorial Hospital,Medical Providers,4,0.307043788,2360,3796,429,690
FY20-21,Sibley Memorial Hospital,Unavailable,8,1.092947831,6806,10948,376,604.5
FY20-21,Suburban Hospital,Unavailable,4,1.776283417,10682,17190,2670.5,4297.5
FY20-21,U-WIDE STUDENT AFFAIRS,Administrative & Staff,4,0.289015835,1970,3168,420,675.5
FY20-21,Unavailable,Unavailable,679,250.7685635,1594778,2566193,1744,2806
FY20-21,University Administration,Administrative & Staff,66,12.19535889,81246,130717,949,1527
FY20-21,University Administration,Deans/Executive,6,0.410085602,3152,5068,620,997
FY20-21,WEST COAST NEONATOLOGY,Medical Providers,13,1.538496567,11578,18626,999,1607
FY20-21,Whiting School of Engineering,Administrative & Staff,4,0.348285313,2368,3810,592,952.5
FY20-21,Whiting School of Engineering,Faculty,42,8.080023256,60164,96804,1488,2394
FY20-21,Whiting School of Engineering,Students,9,2.159929073,14545,23405,1120,1802
FY21-22,ACH FOUNDATION,Unavailable,6,0.591059292,4543,7309,844,1358
FY21-22,ACH RESEARCH INSTITUTE,Unavailable,8,1.088964621,8370,13466,1048.5,1687
FY21-22,AICGS,Administrative & Staff,3,0.178006826,852,1371,284,457
FY21-22,All Children's Hospital,Unavailable,63,11.18922351,75861,122055,844,1358
FY21-22,BIOETHICS INSTITUTE,Faculty,51,18.93759291,120709,194234,1509,2428
FY21-22,BIOETHICS INSTITUTE,Postdocs,5,0.630480592,4846,7795,738,1187
FY21-22,BOLOGNA CENTER,Administrative & Staff,6,1.619824733,9960,16025,556.5,895
FY21-22,BOLOGNA CENTER,Deans/Executive,6,1.90744624,12152,19553,1660.5,2671.5
FY21-22,BOLOGNA CENTER,Faculty,52,12.21829872,78242,125896,724,1165
FY21-22,Bloomberg School of Public Health,Administrative & Staff,143,37.82589888,248334,399579,866,1393
FY21-22,Bloomberg School of Public Health,Deans/Executive,10,3.921488789,24291,39086,3539,5695
FY21-22,Bloomberg School of Public Health,Faculty,647,164.7054076,1076262,1731743,949,1527
FY21-22,Bloomberg School of Public Health,Postdocs,39,18.03344324,111231,178991,2375,3822
FY21-22,Bloomberg School of Public Health,Students,72,23.4256886,151044,243045,1304,2098.5
FY21-22,CENTER FOR TALENTED YOUTH,Administrative & Staff,51,7.242683586,53433,85968,1207,1942
FY21-22,CENTER FOR TALENTED YOUTH,Deans/Executive,9,2.609068552,16610,26727,1140,1834
FY21-22,CENTER FOR TALENTED YOUTH,Non-Employees & Affiliates,17,1.521945494,11349,18253,676,1087
FY21-22,CGEPI,Administrative & Staff,48,5.917721351,42888,69000,853,1372
FY21-22,CONSOLIDATED SERVICE CENTER,Unavailable,20,1.458570742,11080,17820,514,826.5
FY21-22,Carey Business School,Administrative & Staff,55,8.09458243,57741,92896,620,997
FY21-22,Carey Business School,Deans/Executive,18,5.896580846,38655,62200,1227.5,1975
FY21-22,Carey Business School,Faculty,158,30.68025809,208331,335191,763,1227
FY21-22,EMRS PROJECT,Unavailable,210,17.11472788,129995,209078,640,1029
FY21-22,HUMAN LANGUAGE TECHNOLOGY COE,Faculty,35,13.2346531,83419,134234,1439,2315
FY21-22,Homewood Student Affairs,Administrative & Staff,451,56.29217095,412552,663708,761,1224
FY21-22,Homewood Student Affairs,Deans/Executive,78,12.99847293,93682,150732,1293.5,2081.5
FY21-22,Homewood Student Affairs,Faculty,343,41.50518733,297478,478578,609,980
FY21-22,Homewood Student Affairs,Students,35,15.10495887,93760,150873,2701,4346
FY21-22,Howard County General Hospital,Unavailable,19,2.304178904,16180,26027,609,980
FY21-22,INSTITUTION WIDE FUNDS,Administrative & Staff,4,0.548125203,4213,6778,1105.5,1778.5
FY21-22,INSTITUTION WIDE FUNDS,Students,7,0.39111359,1872,3007,277,445
FY21-22,JH Bayview Medical Center,Unavailable,28,3.547735719,26071,41942,789,1269
FY21-22,JH Community Physicians,Medical Providers,69,14.62479945,97751,157279,852,1371
FY21-22,JH Community Physicians,Unavailable,28,2.896417321,22134,35605,526,846
FY21-22,JH HEALTH SYSTEM CORPORATION,Unavailable,345,41.24958553,305370,491263,789,1269
FY21-22,JH TECHNOLOGY VENTURES,Administrative & Staff,17,2.115219451,16258,26157,1056,1699
FY21-22,JHHCG PHARMAQUIP,Unavailable,20,2.051832534,15234,24508,844,1358
FY21-22,JHMI UTILITIES LLC,Unavailable,2,0.21961437,1688,2716,844,1358
FY21-22,JHMMC INTRASTAFF DIVISION,Unavailable,4,0.131959515,904,1452,226,363
FY21-22,JHPEIGO,Administrative & Staff,714,379.4092195,2354273,3788475,3284,5285
FY21-22,JHPEIGO,Faculty,650,330.3973376,2038501,3280348,3284,5285
FY21-22,JHU PRESS BOOK DIVISION,Administrative & Staff,9,1.046822626,7851,12631,812,1306
FY21-22,JOHNS HOPKINS AT ALL CHILDRENS,Administrative & Staff,4,0.629532191,4600,7402,1150,1850.5
FY21-22,JOHNS HOPKINS AT ALL CHILDRENS,Faculty,64,13.15194501,86838,139723,844,1358
FY21-22,JOHNS HOPKINS AT ALL CHILDRENS,Postdocs,4,0.49595378,3812,6132,958,1541
FY21-22,JOHNS HOPKINS IMAGING LLC,Unavailable,10,0.690588316,5308,8536,561,902
FY21-22,Johns Hopkins HealthCare,Unavailable,89,8.434334684,63029,101403,576,926
FY21-22,Johns Hopkins Hospital,Medical Providers,29,6.182607882,43680,70280,949,1527
FY21-22,Johns Hopkins Hospital,Unavailable,227,26.43813563,187943,302339,620,997
FY21-22,Johns Hopkins International,Unavailable,6,7.696635746,46818,75342,7803,12557
FY21-22,Krieger School of Arts and Sciences,Administrative & Staff,202,32.32009938,227576,366134,915,1472
FY21-22,Krieger School of Arts and Sciences,Deans/Executive,27,7.507354201,48126,77437,1889,3040
FY21-22,Krieger School of Arts and Sciences,Faculty,674,175.9321581,1139701,1833818,962,1548
FY21-22,Krieger School of Arts and Sciences,Postdocs,90,21.92134574,144129,231903,914.5,1471
FY21-22,Krieger School of Arts and Sciences,Students,232,56.0159824,367557,591401,968,1557
FY21-22,Krieger School of Arts and Sciences,Unavailable,11,3.657556581,22573,36322,910,1464
FY21-22,NANJING CENTER,Administrative & Staff,3,1.485807009,9508,15300,1534,2468
FY21-22,NANJING CENTER,Faculty,11,3.456379263,21737,34973,2624,4222
FY21-22,NITZE SCH ADV INT STUDIES-SAIS,Administrative & Staff,14,2.166540405,13846,22276,561,902
FY21-22,NITZE SCH ADV INT STUDIES-SAIS,Deans/Executive,36,7.627740768,45387,73027,265,426
FY21-22,NITZE SCH ADV INT STUDIES-SAIS,Faculty,273,94.72957008,594446,956543,611,983
FY21-22,NITZE SCH ADV INT STUDIES-SAIS,Postdocs,7,3.705851364,23203,37338,3782,6086
FY21-22,NITZE SCH ADV INT STUDIES-SAIS,Students,17,6.931907152,43271,69633,2377,3825
FY21-22,PEABODY INSTITUTE,Administrative & Staff,40,5.319845871,38637,62155,620,997
FY21-22,PEABODY INSTITUTE,Deans/Executive,4,1.82335952,11350,18263,2784.5,4480.5
FY21-22,PEABODY INSTITUTE,Faculty,45,5.158410268,36783,59159,576,926
FY21-22,PEDIATRIC PHYSICIANS SERVICES,Medical Providers,43,6.073977615,44072,70903,926,1490
FY21-22,PEDIATRIC PHYSICIANS SERVICES,Unavailable,14,1.856313884,14268,22954,1008,1622
FY21-22,SMH FOUNDATION,Unavailable,8,0.805339427,6190,9958,768,1235.5
FY21-22,School of Education,Administrative & Staff,128,23.87753908,166179,267367,894,1438
FY21-22,School of Education,Deans/Executive,16,2.149231243,15757,25349,886,1425
FY21-22,School of Education,Faculty,111,14.21256537,105099,169082,736,1184
FY21-22,School of Medicine (SOM),Administrative & Staff,548,103.715106,707987,1139061,922,1483
FY21-22,School of Medicine (SOM),Deans/Executive,28,2.161717699,16058,25829,531,854
FY21-22,School of Medicine (SOM),Faculty,2693,598.3203711,4041999,6503497,999,1607
FY21-22,School of Medicine (SOM),Medical Providers,187,38.67735988,271186,436332,999,1607
FY21-22,School of Medicine (SOM),Non-Employees & Affiliates,62,15.51062905,100476,161666,1107,1781
FY21-22,School of Medicine (SOM),Postdocs,227,45.49818087,311957,501912,935,1504
FY21-22,School of Medicine (SOM),Students,278,58.00553511,395818,636845,1084,1744
FY21-22,School of Medicine (SOM),Unavailable,4,0.333064448,2560,4116,640,1029
FY21-22,School of Nursing (SON),Administrative & Staff,42,10.78236661,73702,118591,1235.5,1988
FY21-22,School of Nursing (SON),Deans/Executive,2,1.652825319,10054,16180,5027,8090
FY21-22,School of Nursing (SON),Faculty,115,31.14756773,204252,328653,988,1590
FY21-22,Sheridan Libraries,Administrative & Staff,26,2.895040932,21646,34822,584,939
FY21-22,Sheridan Libraries,Deans/Executive,8,3.267849507,20032,32234,2986.5,4806
FY21-22,Sheridan Libraries,Students,3,0.607712514,4671,7517,1190,1915
FY21-22,Sibley Memorial Hospital,Medical Providers,6,0.868309424,6674,10736,1191,1916
FY21-22,Sibley Memorial Hospital,Unavailable,14,3.522841242,22984,36984,761,1224
FY21-22,Suburban Hospital,Medical Providers,7,0.228408489,1343,2158,198,318
FY21-22,Suburban Hospital,Unavailable,4,0.659233421,5067,8152,1401.5,2255
FY21-22,U-WIDE STUDENT AFFAIRS,Administrative & Staff,66,9.004534487,65443,105282,620,997
FY21-22,U-WIDE STUDENT AFFAIRS,Deans/Executive,23,6.443076573,42351,68148,1889,3040
FY21-22,U-WIDE STUDENT AFFAIRS,Students,4,0.41633056,3200,5147,607,976
FY21-22,Unavailable,Unavailable,1758,443.9728027,2877401,4629816,788,1268
FY21-22,University Administration,Administrative & Staff,470,76.31726892,530064,852800,844,1358
FY21-22,University Administration,Deans/Executive,229,55.30144509,354907,571029,620,997
FY21-22,University Administration,Students,2,0.096016235,738,1186,369,593
FY21-22,WEST COAST NEONATOLOGY,Medical Providers,5,0.701256787,5390,8671,1049,1688
FY21-22,Whiting School of Engineering,Administrative & Staff,167,22.85614548,165964,267001,609,980
FY21-22,Whiting School of Engineering,Deans/Executive,17,2.971971223,21080,33916,999,1607
FY21-22,Whiting School of Engineering,Faculty,515,124.3667397,833563,1341196,956,1538
FY21-22,Whiting School of Engineering,Postdocs,80,17.33456627,117914,189720,1215,1955
FY21-22,Whiting School of Engineering,Students,325,87.21978291,579141,931855,1537,2473
FY21-22,Whiting School of Engineering,Unavailable,1,0.59182128,3600,5793,3600,5793
FY22-23,555 PENN,Administrative & Staff,12,3.748831605,24750,39828,1816.5,2923
FY22-23,ACH FOUNDATION,Unavailable,25,2.875152827,22099,35555,999,1607
FY22-23,ACH RESEARCH INSTITUTE,Non-Employees & Affiliates,2,0.21961437,1688,2716,844,1358
FY22-23,ACH RESEARCH INSTITUTE,Unavailable,17,3.899372987,25245,40618,995,1601
FY22-23,ALL CHILDRENS HEALTH SYSTEM,Unavailable,6,0.579610202,4455,7167,844,1358
FY22-23,All Children's Hospital,Medical Providers,15,2.035986542,15649,25176,1007,1620
FY22-23,All Children's Hospital,Unavailable,225,34.74992163,246875,397201,845,1359
FY22-23,BIOETHICS INSTITUTE,Administrative & Staff,15,7.259265114,44451,71526,3219,5180
FY22-23,BIOETHICS INSTITUTE,Faculty,218,83.40604597,526602,847358,1509,2428
FY22-23,BIOETHICS INSTITUTE,Postdocs,8,1.163904122,8946,14395,972.5,1564.5
FY22-23,BIOETHICS INSTITUTE,Students,18,2.268947334,17276,27796,961,1546.5
FY22-23,BOLOGNA CENTER,Administrative & Staff,4,1.407571475,8574,13796,2132,3430.5
FY22-23,BOLOGNA CENTER,Deans/Executive,12,3.491520747,23078,37134,1480.5,2382
FY22-23,BOLOGNA CENTER,Faculty,86,18.35595093,118555,190763,806,1297
FY22-23,Bloomberg School of Public Health,Administrative & Staff,693,186.8687935,1223653,1968923,966,1554
FY22-23,Bloomberg School of Public Health,Deans/Executive,71,23.90710998,151603,243939,1207,1942
FY22-23,Bloomberg School of Public Health,Faculty,2155,634.5630226,4075150,6557189,1024,1647
FY22-23,Bloomberg School of Public Health,Postdocs,170,50.57132195,324804,522625,1495,2405.5
FY22-23,Bloomberg School of Public Health,Students,353,94.07187827,612283,985191,969,1559
FY22-23,Bloomberg School of Public Health,Unavailable,2,0.161328092,1240,1994,620,997
FY22-23,CENTER FOR TALENTED YOUTH,Administrative & Staff,70,7.988327453,60854,97905,609,980
FY22-23,CENTER FOR TALENTED YOUTH,Deans/Executive,2,0.76476461,4652,7486,2326,3743
FY22-23,CENTER FOR TALENTED YOUTH,Non-Employees & Affiliates,16,1.790088395,13410,21574,642.5,1033.5
FY22-23,CGEPI,Administrative & Staff,239,30.27986191,216378,348094,611,983
FY22-23,CGEPI,Deans/Executive,2,0.096016235,738,1186,369,593
FY22-23,CGEPI,Faculty,56,12.24677966,80364,129305,771,1240
FY22-23,Carey Business School,Administrative & Staff,285,52.46628962,362382,583040,844,1358
FY22-23,Carey Business School,Deans/Executive,66,17.00558473,110900,178446,952,1531.5
FY22-23,Carey Business School,Faculty,633,153.8508612,1007201,1620584,824,1326
FY22-23,Carey Business School,Postdocs,1,0.102651504,789,1269,789,1269
FY22-23,Carey Business School,Students,9,2.798012561,18164,29229,2536,4081
FY22-23,EMRS PROJECT,Administrative & Staff,2,0.166532224,1280,2058,640,1029
FY22-23,EMRS PROJECT,Unavailable,283,18.91997784,140408,225775,509,819
FY22-23,EVERGREEN HOUSE,Administrative & Staff,12,0.727277447,5590,8988,405,651
FY22-23,HUMAN LANGUAGE TECHNOLOGY COE,Administrative & Staff,3,0.364939757,2805,4512,935,1504
FY22-23,HUMAN LANGUAGE TECHNOLOGY COE,Faculty,67,25.01918541,156998,252621,2180,3508
FY22-23,HUMAN LANGUAGE TECHNOLOGY COE,Students,6,1.073496948,6938,11162,609,980
FY22-23,Homewood Student Affairs,Administrative & Staff,932,156.9364485,1098077,1766634,789,1269
FY22-23,Homewood Student Affairs,Deans/Executive,97,15.09822859,106935,172046,789,1269
FY22-23,Homewood Student Affairs,Faculty,292,34.42729458,245856,395488,609,980
FY22-23,Homewood Student Affairs,Students,99,29.17249248,191163,307591,1235,1987
FY22-23,Howard County General Hospital,Medical Providers,4,3.322182225,20462,32929,5121.5,8242
FY22-23,Howard County General Hospital,Unavailable,18,3.916775548,27870,44842,2103,3384
FY22-23,INSTITUTION WIDE FUNDS,Administrative & Staff,4,0.366631099,2818,4532,704.5,1133
FY22-23,INSTITUTION WIDE FUNDS,Deans/Executive,10,2.959784855,19244,30966,1394,2243
FY22-23,INSTITUTION WIDE FUNDS,Students,13,1.13688131,8067,12976,609,980
FY22-23,JANE BANCROFT ROBINSON FNDATN,Unavailable,2,0.243293171,1870,3008,935,1504
FY22-23,JH Bayview Medical Center,Medical Providers,13,1.590122533,12222,19661,949,1527
FY22-23,JH Bayview Medical Center,Unavailable,37,5.675758553,39984,64327,761,1224
FY22-23,JH Community Physicians,Medical Providers,101,22.76405781,152682,245666,1296,2085
FY22-23,JH Community Physicians,Unavailable,6,1.185241063,9110,14658,2093,3368
FY22-23,JH HEALTH SYSTEM CORPORATION,Administrative & Staff,5,0.755639966,5808,9344,789,1269
FY22-23,JH HEALTH SYSTEM CORPORATION,Medical Providers,16,1.88733869,14252,22924,742.5,1194
FY22-23,JH HEALTH SYSTEM CORPORATION,Unavailable,900,159.1474648,1093658,1759580,844,1358
FY22-23,JH TECHNOLOGY VENTURES,Administrative & Staff,26,4.0288818,29722,47823,1318.5,2121.5
FY22-23,JH TECHNOLOGY VENTURES,Deans/Executive,8,1.075563605,7978,12836,1122,1805.5
FY22-23,JH TECHNOLOGY VENTURES,Students,2,0.500507395,3847,6190,1923.5,3095
FY22-23,JHBMC GRANT COMPANY,Unavailable,4,1.532817115,9324,15004,2331,3751
FY22-23,JHHCG CORP (GROUP),Unavailable,6,0.559183983,4298,6912,408,656
FY22-23,JHHCG PHARMAQUIP,Unavailable,14,1.947516298,14969,24081,1047,1684.5
FY22-23,JHMI UTILITIES LLC,Unavailable,4,0.730920339,5618,9040,1404.5,2260
FY22-23,JHMMC INTRASTAFF DIVISION,Unavailable,10,1.454815101,11182,17992,1215,1955
FY22-23,JHPEIGO,Administrative & Staff,1799,937.1050437,5821400,9367737,3242,5217
FY22-23,JHPEIGO,Faculty,1198,617.9544151,3823318,6152408,3194,5140
FY22-23,JHU PRESS BOOK DIVISION,Administrative & Staff,28,3.304134112,23644,38034,561,902
FY22-23,JHU PRESS JOURNALS DIVISION,Administrative & Staff,28,5.079815733,35692,57427,999,1607
FY22-23,JHU PRESS MUSE,Administrative & Staff,82,12.90296862,90060,144893,802.5,1291
FY22-23,JHU Press,Deans/Executive,2,0.387187421,2976,4788,1488,2394
FY22-23,JOHNS HOPKINS AT ALL CHILDRENS,Administrative & Staff,4,0.528479605,4062,6536,1015.5,1634
FY22-23,JOHNS HOPKINS AT ALL CHILDRENS,Deans/Executive,20,2.206421865,16959,27286,844,1358
FY22-23,JOHNS HOPKINS AT ALL CHILDRENS,Faculty,226,49.72351207,334472,538166,926,1490
FY22-23,JOHNS HOPKINS AT ALL CHILDRENS,Students,2,0.21961437,1688,2716,844,1358
FY22-23,JOHNS HOPKINS IMAGING LLC,Unavailable,20,2.127951061,15544,25004,620,997
FY22-23,Johns Hopkins HealthCare,Unavailable,340,34.88349633,252261,405801,586,943
FY22-23,Johns Hopkins Hospital,Medical Providers,97,23.1772961,155132,249596,999,1607
FY22-23,Johns Hopkins Hospital,Unavailable,571,93.69409171,698811,1124330,999,1607
FY22-23,Johns Hopkins International,Unavailable,349,165.9348599,1044678,1681058,2069,3329
FY22-23,Krieger School of Arts and Sciences,Administrative & Staff,460,84.6424451,583943,939524,935,1504
FY22-23,Krieger School of Arts and Sciences,Deans/Executive,32,7.752362652,51478,82829,1243.5,2000.5
FY22-23,Krieger School of Arts and Sciences,Faculty,1831,499.9950803,3253140,5234454,1180,1899
FY22-23,Krieger School of Arts and Sciences,Postdocs,260,71.51791352,469297,755140,1337,2151.5
FY22-23,Krieger School of Arts and Sciences,Students,910,214.4168568,1418139,2281781,935,1504
FY22-23,Krieger School of Arts and Sciences,Unavailable,24,9.081667297,57252,92124,2355.5,3790
FY22-23,NANJING CENTER,Administrative & Staff,17,6.533109024,40858,65744,527,848
FY22-23,NANJING CENTER,Faculty,3,2.993136124,18207,29301,6069,9767
FY22-23,NITZE SCH ADV INT STUDIES-SAIS,Administrative & Staff,104,32.55464057,206710,332614,925.5,1489
FY22-23,NITZE SCH ADV INT STUDIES-SAIS,Deans/Executive,75,22.76305542,139279,224114,611,983
FY22-23,NITZE SCH ADV INT STUDIES-SAIS,Faculty,368,105.288119,673050,1082965,925.5,1489
FY22-23,NITZE SCH ADV INT STUDIES-SAIS,Postdocs,23,10.16381136,64353,103552,1835,2953
FY22-23,NITZE SCH ADV INT STUDIES-SAIS,Students,7,3.280740245,20348,32744,2331,3751
FY22-23,PEABODY INSTITUTE,Administrative & Staff,71,8.562451779,59465,95659,620,997
FY22-23,PEABODY INSTITUTE,Deans/Executive,7,0.744060773,5719,9201,736,1184
FY22-23,PEABODY INSTITUTE,Faculty,111,19.08704218,130045,209223,789,1269
FY22-23,PEABODY INSTITUTE,Students,6,0.696182758,5351,8608,579.5,932
FY22-23,PEDIATRIC PHYSICIANS SERVICES,Medical Providers,89,13.63705171,97807,157368,816,1313
FY22-23,PEDIATRIC PHYSICIANS SERVICES,Unavailable,29,6.456828605,43167,69457,844,1358
FY22-23,SMH FOUNDATION,Unavailable,4,0.28466602,2188,3520,547,880
FY22-23,School of Education,Administrative & Staff,287,53.26133536,366275,589308,926,1490
FY22-23,School of Education,Deans/Executive,47,3.556705667,26516,42639,361,580
FY22-23,School of Education,Faculty,256,33.44588516,235297,378537,620,997
FY22-23,School of Education,Students,37,2.75319322,20191,32469,576,926
FY22-23,School of Medicine (SOM),Administrative & Staff,1814,370.3382478,2522344,4058330,846,1361
FY22-23,School of Medicine (SOM),Deans/Executive,75,7.422343858,55973,90038,586,943
FY22-23,School of Medicine (SOM),Faculty,7183,1830.610364,12114013,19491796,999,1607
FY22-23,School of Medicine (SOM),Medical Providers,505,101.3623738,705517,1135154,999,1607
FY22-23,School of Medicine (SOM),Non-Employees & Affiliates,156,41.52534338,272873,439061,997,1604
FY22-23,School of Medicine (SOM),Postdocs,781,148.3290445,1024032,1647606,949,1527
FY22-23,School of Medicine (SOM),Students,765,181.326814,1221809,1965902,1207,1942
FY22-23,School of Medicine (SOM),Unavailable,2,0.096016235,738,1186,369,593
FY22-23,School of Nursing (SON),Administrative & Staff,105,15.72313026,112131,180398,789,1269
FY22-23,School of Nursing (SON),Deans/Executive,28,2.992031686,21482,34556,461.5,742
FY22-23,School of Nursing (SON),Faculty,418,97.91598392,646017,1039431,789,1269
FY22-23,School of Nursing (SON),Postdocs,8,1.226241015,8199,13190,704.5,1133
FY22-23,School of Nursing (SON),Students,17,3.411673053,23430,37694,789,1269
FY22-23,Sheridan Libraries,Administrative & Staff,74,9.03872934,63606,102320,598,961.5
FY22-23,Sheridan Libraries,Deans/Executive,6,0.606281378,4660,7496,473,761
FY22-23,Sheridan Libraries,Students,14,5.008537033,31385,50502,1024,1647
FY22-23,Sibley Memorial Hospital,Medical Providers,4,1.085581935,8344,13428,2086,3357
FY22-23,Sibley Memorial Hospital,Unavailable,11,1.278525129,9827,15808,761,1224
FY22-23,Suburban Hospital,Medical Providers,4,0.486055797,3496,5624,874,1406
FY22-23,Suburban Hospital,Unavailable,2,0.21961437,1688,2716,844,1358
FY22-23,U-WIDE STUDENT AFFAIRS,Administrative & Staff,150,16.68418107,124485,200244,620,997
FY22-23,U-WIDE STUDENT AFFAIRS,Deans/Executive,73,13.05245887,87267,140403,651,1047
FY22-23,U-WIDE STUDENT AFFAIRS,Students,1,0.127501234,980,1577,980,1577
FY22-23,Unavailable,Unavailable,6,4.672757795,28424,45742,4568,7351
FY22-23,University Administration,Administrative & Staff,1212,222.6321193,1519351,2444536,789,1269
FY22-23,University Administration,Deans/Executive,331,75.51198015,490652,789437,620,997
FY22-23,University Administration,Faculty,1,0.297286041,2285,3677,2285,3677
FY22-23,University Administration,Students,35,7.528343674,54886,88307,1121,1804
FY22-23,WEST COAST NEONATOLOGY,Medical Providers,87,5.645935321,43025,69236,407,655
FY22-23,Whiting School of Engineering,Administrative & Staff,519,73.16332032,520768,837823,587,944
FY22-23,Whiting School of Engineering,Deans/Executive,101,21.35893654,144636,232726,999,1607
FY22-23,Whiting School of Engineering,Faculty,1530,395.3664312,2590618,4168373,969,1559
FY22-23,Whiting School of Engineering,Non-Employees & Affiliates,6,2.925248699,17958,28898,3318,5339.5
FY22-23,Whiting School of Engineering,Postdocs,209,46.80348923,313605,504584,949,1527
FY22-23,Whiting School of Engineering,Students,801,202.7585655,1360508,2189077,1207,1942
FY22-23,Whiting School of Engineering,Unavailable,1,0.932282911,5671,9126,5671,9126
FY23-24,555 PENN,Administrative & Staff,8,1.261481597,9696,15602,1188.5,1912.5
FY23-24,ACH FOUNDATION,Unavailable,37,4.15508592,31108,50047,844,1358
FY23-24,ACH RESEARCH INSTITUTE,Medical Providers,4,0.356422039,2602,4186,684,1100.5
FY23-24,ACH RESEARCH INSTITUTE,Unavailable,37,9.584992073,62856,101138,1187,1910
FY23-24,ALL CHILDRENS HEALTH SYSTEM,Unavailable,9,0.988264667,7596,12222,844,1358
FY23-24,All Children's Hospital,Medical Providers,119,48.37791953,311003,500469,985,1585
FY23-24,All Children's Hospital,Unavailable,261,28.13338941,215344,346434,816,1313
FY23-24,BIOETHICS INSTITUTE,Administrative & Staff,5,3.118968243,19535,31437,2454,3949
FY23-24,BIOETHICS INSTITUTE,Faculty,191,75.52952125,480791,773657,1509,2428
FY23-24,BIOETHICS INSTITUTE,Postdocs,3,0.658933303,4153,6682,347,558
FY23-24,BOLOGNA CENTER,Administrative & Staff,18,5.421067035,33688,54208,585,941
FY23-24,BOLOGNA CENTER,Deans/Executive,5,1.947638575,12626,20318,2285,3677
FY23-24,BOLOGNA CENTER,Faculty,66,22.5580771,143360,230685,1031.5,1659.5
FY23-24,BOLOGNA CENTER,Students,8,1.029709587,7754,12476,880,1416
FY23-24,Bloomberg School of Public Health,Administrative & Staff,992,261.3922569,1706262,2745394,914.5,1471.5
FY23-24,Bloomberg School of Public Health,Deans/Executive,47,13.32745669,86332,138908,1215,1955
FY23-24,Bloomberg School of Public Health,Faculty,2490,834.1135596,5327853,8573038,1267,2039
FY23-24,Bloomberg School of Public Health,Postdocs,110,27.74458687,180082,289761,738,1187
FY23-24,Bloomberg School of Public Health,Students,318,88.95665397,581815,936160,928.5,1494
FY23-24,Bloomberg School of Public Health,Unavailable,8,0.645312368,4960,7976,620,997
FY23-24,CENTER FOR TALENTED YOUTH,Administrative & Staff,139,17.07920556,125627,202104,867,1395
FY23-24,CENTER FOR TALENTED YOUTH,Deans/Executive,11,2.388654306,16453,26473,1140,1834
FY23-24,CGEPI,Administrative & Staff,451,73.43283541,500043,804476,582,936
FY23-24,CGEPI,Deans/Executive,4,0.8550563,5346,8602,1336.5,2150.5
FY23-24,CGEPI,Faculty,18,2.654101547,18658,30018,848,1364
FY23-24,CONSOLIDATED SERVICE CENTER,Unavailable,2,0.158465819,1218,1960,609,980
FY23-24,Carey Business School,Administrative & Staff,403,86.21966397,578756,931213,812,1306
FY23-24,Carey Business School,Deans/Executive,121,37.20685032,238743,384156,1080,1738
FY23-24,Carey Business School,Faculty,782,207.3040843,1344939,2164065,935,1504
FY23-24,Carey Business School,Postdocs,9,3.412693021,22567,36312,935,1504
FY23-24,Carey Business School,Students,5,1.160660245,8308,13369,1996,3212
FY23-24,EMRS PROJECT,Unavailable,343,28.08128051,208035,334595,576,926
FY23-24,HOMEWOOD HOUSE,Administrative & Staff,8,0.562046256,4320,6948,494,794.5
FY23-24,HUMAN LANGUAGE TECHNOLOGY COE,Faculty,90,31.38051125,198313,319104,1650,2655
FY23-24,Homewood Student Affairs,Administrative & Staff,1057,185.547185,1285680,2068534,736,1184
FY23-24,Homewood Student Affairs,Deans/Executive,111,19.2238715,131886,212195,789,1269
FY23-24,Homewood Student Affairs,Faculty,268,34.82400366,251210,404143,748.5,1204
FY23-24,Homewood Student Affairs,Students,130,31.5276947,205195,330153,851.5,1370
FY23-24,Howard County General Hospital,Unavailable,51,5.285715475,40014,64373,620,997
FY23-24,INSTITUTION WIDE FUNDS,Administrative & Staff,16,3.452697418,25822,41550,2103,3384
FY23-24,INSTITUTION WIDE FUNDS,Deans/Executive,36,6.190315014,47580,76554,1215,1955
FY23-24,INSTITUTION WIDE FUNDS,Students,13,2.365126743,16582,26679,1246,2005
FY23-24,JH Bayview Medical Center,Medical Providers,26,5.259788181,36611,58906,620,997
FY23-24,JH Bayview Medical Center,Unavailable,47,7.840285065,60262,96956,999,1607
FY23-24,JH Community Physicians,Medical Providers,144,34.2155094,232263,373719,1207,1942
FY23-24,JH Community Physicians,Unavailable,29,2.771512943,20138,32394,592,952
FY23-24,JH HEALTH SYSTEM CORPORATION,Administrative & Staff,3,0.82082172,6309,10152,2103,3384
FY23-24,JH HEALTH SYSTEM CORPORATION,Medical Providers,6,0.998933137,7678,12354,999,1607
FY23-24,JH HEALTH SYSTEM CORPORATION,Unavailable,1133,212.9048092,1453382,2338399,844,1358
FY23-24,JH TECHNOLOGY VENTURES,Administrative & Staff,51,10.75830775,74938,120579,965,1553
FY23-24,JH TECHNOLOGY VENTURES,Deans/Executive,4,0.856990437,6587,10599,1996,3212
FY23-24,JH TECHNOLOGY VENTURES,Students,2,0.106553382,510,820,255,410
FY23-24,JHBMC GRANT COMPANY,Unavailable,8,0.877937068,6748,10858,949,1527
FY23-24,JHHCG CORP (GROUP),Medical Providers,2,0.241471725,1856,2986,928,1493
FY23-24,JHHCG CORP (GROUP),Unavailable,2,0.241471725,1856,2986,928,1493
FY23-24,JHHCG HOME HEALTH SERVICES,Medical Providers,2,0.243293171,1870,3008,935,1504
FY23-24,JHHCG PHARMAQUIP,Unavailable,16,1.541224138,11210,18030,731,1175.5
FY23-24,JHMMC INTRASTAFF DIVISION,Unavailable,6,1.641643439,12618,20304,2103,3384
FY23-24,JHPEIGO,Administrative & Staff,1451,808.8942509,4994751,8037540,3637,5853
FY23-24,JHPEIGO,Deans/Executive,20,8.088788755,50028,80498,3071.5,4942.5
FY23-24,JHPEIGO,Faculty,904,433.6733319,2708594,4358573,2449,3941
FY23-24,JHU PRESS BOOK DIVISION,Administrative & Staff,28,2.591889175,19614,31548,576,926
FY23-24,JHU PRESS JOURNALS DIVISION,Administrative & Staff,30,3.911089428,27038,43494,609,980
FY23-24,JHU PRESS MUSE,Administrative & Staff,118,17.94834615,125531,201946,576,926
FY23-24,JHU Press,Administrative & Staff,12,3.764705704,25066,40332,2077,3342
FY23-24,JHU Press,Deans/Executive,12,1.264864283,9722,15638,553.5,890
FY23-24,JOHNS HOPKINS AT ALL CHILDRENS,Deans/Executive,6,0.651557326,5008,8058,844,1358
FY23-24,JOHNS HOPKINS AT ALL CHILDRENS,Faculty,277,57.18541797,385437,620148,871,1401
FY23-24,JOHNS HOPKINS AT ALL CHILDRENS,Non-Employees & Affiliates,4,0.245114617,1884,3030,471,757.5
FY23-24,JOHNS HOPKINS AT ALL CHILDRENS,Postdocs,14,2.746187246,18452,29688,844,1358
FY23-24,JOHNS HOPKINS IMAGING LLC,Unavailable,38,4.236420277,32482,52251,620,997
FY23-24,Johns Hopkins HealthCare,Unavailable,303,38.94550307,275884,443799,620,997
FY23-24,Johns Hopkins Hospital,Medical Providers,173,32.47666284,226802,364914,844,1358
FY23-24,Johns Hopkins Hospital,Unavailable,853,138.3712725,989832,1592519,845,1359
FY23-24,Johns Hopkins International,Trustee,56,25.89511662,159734,257036,455.5,732.5
FY23-24,Johns Hopkins International,Unavailable,413,203.7751297,1261303,2029623,2416,3888
FY23-24,Krieger School of Arts and Sciences,Administrative & Staff,602,136.6671615,913879,1470430,965,1553
FY23-24,Krieger School of Arts and Sciences,Deans/Executive,48,9.996807104,68121,109602,1023.5,1646.5
FY23-24,Krieger School of Arts and Sciences,Faculty,2183,623.6313577,4020940,6469961,1099,1768
FY23-24,Krieger School of Arts and Sciences,Non-Employees & Affiliates,8,5.239591066,31872,51292,3984,6411.5
FY23-24,Krieger School of Arts and Sciences,Postdocs,289,72.10713682,474915,764150,999,1607
FY23-24,Krieger School of Arts and Sciences,Students,882,227.7680194,1493615,2403247,935,1504
FY23-24,NANJING CENTER,Administrative & Staff,25,8.875128326,55814,89810,861,1385
FY23-24,NANJING CENTER,Faculty,12,4.987285889,31278,50330,638.5,1027
FY23-24,NANJING CENTER,Students,1,0.638673798,3885,6252,3885,6252
FY23-24,NITZE SCH ADV INT STUDIES-SAIS,Administrative & Staff,186,65.0019692,414281,666628,1481,2383
FY23-24,NITZE SCH ADV INT STUDIES-SAIS,Deans/Executive,150,55.80548387,343376,552542,966,1554
FY23-24,NITZE SCH ADV INT STUDIES-SAIS,Faculty,532,201.2680739,1262974,2032301,1721.5,2770
FY23-24,NITZE SCH ADV INT STUDIES-SAIS,Postdocs,5,2.026450789,13280,21371,2416,3888
FY23-24,NITZE SCH ADV INT STUDIES-SAIS,Students,62,30.55071873,193352,311144,2306,3711
FY23-24,PEABODY INSTITUTE,Administrative & Staff,118,11.60411018,84753,136328,581,934.5
FY23-24,PEABODY INSTITUTE,Deans/Executive,46,21.14959171,130984,210766,966,1554
FY23-24,PEABODY INSTITUTE,Faculty,71,17.94706981,119533,192329,1224,1969
FY23-24,PEABODY INSTITUTE,Students,3,0.239520175,1841,2961,736,1184
FY23-24,PEDIATRIC PHYSICIANS SERVICES,Medical Providers,122,20.89192964,145005,233301,816,1313
FY23-24,PEDIATRIC PHYSICIANS SERVICES,Unavailable,66,14.5259726,98627,158688,1007,1620
FY23-24,SMH FOUNDATION,Unavailable,4,0.96354504,7406,11918,1848,2974
FY23-24,School of Education,Administrative & Staff,347,51.05856442,368661,593115,887,1427
FY23-24,School of Education,Deans/Executive,21,7.063767939,45699,73534,935,1504
FY23-24,School of Education,Faculty,328,60.22648874,411138,661478,699,1124.5
FY23-24,School of Education,Students,25,4.022635786,27310,43939,609,980
FY23-24,School of Medicine (SOM),Administrative & Staff,2124,454.6749913,3066658,4934210,844,1358
FY23-24,School of Medicine (SOM),Deans/Executive,169,17.44091933,125343,201610,408,656
FY23-24,School of Medicine (SOM),Faculty,8028,2321.51077,15180484,24426350,1216,1956.5
FY23-24,School of Medicine (SOM),Medical Providers,413,91.68593363,636358,1023885,1023,1646
FY23-24,School of Medicine (SOM),Non-Employees & Affiliates,138,49.74864687,318850,513072,2056,3308
FY23-24,School of Medicine (SOM),Postdocs,840,205.925572,1386271,2230531,1246,2005
FY23-24,School of Medicine (SOM),Students,851,235.1454977,1564891,2518011,1488,2394
FY23-24,School of Medicine (SOM),Unavailable,2,0.596393527,4584,7376,2292,3688
FY23-24,School of Nursing (SON),Administrative & Staff,218,41.66005139,290981,468166,907,1459
FY23-24,School of Nursing (SON),Deans/Executive,19,4.402534349,30066,48378,999,1607
FY23-24,School of Nursing (SON),Faculty,475,105.3771037,702599,1130462,736,1184
FY23-24,School of Nursing (SON),Postdocs,9,1.278282335,8599,13833,576,926
FY23-24,School of Nursing (SON),Students,103,25.9777646,174573,280891,1020,1641
FY23-24,Sheridan Libraries,Administrative & Staff,101,13.5963192,92116,148185,576,926
FY23-24,Sheridan Libraries,Deans/Executive,13,2.808341345,19673,31654,609,980
FY23-24,Sheridan Libraries,Students,7,2.716525788,16879,27160,1024,1647
FY23-24,Sibley Memorial Hospital,Medical Providers,14,1.478884211,11367,18287,318,511
FY23-24,Sibley Memorial Hospital,Unavailable,23,4.00757195,30803,49562,1450,2333
FY23-24,Suburban Hospital,Medical Providers,4,0.774374842,5952,9576,1488,2394
FY23-24,Suburban Hospital,Unavailable,10,1.388852728,10675,17175,1011.5,1627.5
FY23-24,U-WIDE STUDENT AFFAIRS,Administrative & Staff,154,18.38249564,136852,220149,620,997
FY23-24,U-WIDE STUDENT AFFAIRS,Deans/Executive,98,21.98194909,142582,229410,688,1107
FY23-24,University Administration,Administrative & Staff,1567,271.1063539,1847386,2972242,676,1087
FY23-24,University Administration,Deans/Executive,362,75.4436272,499470,803634,732,1178
FY23-24,University Administration,Faculty,7,0.917590172,6057,9744,347,558
FY23-24,University Administration,Students,18,4.095190476,29409,47323,1625.5,2615.5
FY23-24,University Administration,Unavailable,6,0.964065453,7410,11922,1235,1987
FY23-24,WEST COAST NEONATOLOGY,Medical Providers,89,11.59124349,85109,136950,407,655
FY23-24,Whiting School of Engineering,Administrative & Staff,731,155.6440065,1052849,1694017,789,1269
FY23-24,Whiting School of Engineering,Deans/Executive,67,18.3932887,116995,188247,928,1493
FY23-24,Whiting School of Engineering,Faculty,1727,457.8739477,2997881,4823739,1190,1915
FY23-24,Whiting School of Engineering,Non-Employees & Affiliates,8,3.373180619,21636,34816,2012.5,3238.5
FY23-24,Whiting School of Engineering,Postdocs,180,40.15436199,272169,437911,1188.5,1912
FY23-24,Whiting School of Engineering,Students,882,232.5060272,1534003,2468260,1207,1942
FY23-24,Whiting School of Engineering,Unavailable,1,0.932282911,5671,9126,5671,9126